{"cameraMode":{"drawMode":0,"name":"Shaded","section":"Shading Mode"},"sceneLighting":true,"audioPlay":false,"sceneViewState":{"showFog":true,"showMaterialUpdate":false,"showSkybox":true,"showFlares":true,"showImageEffects":true,"showParticleSystems":true},"in2DMode":false,"pivot":{"x":5.408447265625,"y":-10.98779296875,"z":-2.1416015625},"rotation":{"x":-0.004383633844554424,"y":0.6816328763961792,"z":0.004097033757716417,"w":0.7316840887069702},"size":6.925988674163818,"orthographic":true}