{"cameraMode":{"drawMode":0,"name":"Shaded","section":"Shading Mode"},"sceneLighting":true,"audioPlay":false,"sceneViewState":{"showFog":true,"showMaterialUpdate":false,"showSkybox":true,"showFlares":true,"showImageEffects":true,"showParticleSystems":true},"in2DMode":false,"pivot":{"x":12.67828369140625,"y":-6.89923095703125,"z":-44.7236328125},"rotation":{"x":0.0389479361474514,"y":-0.04644792899489403,"z":0.0018123865593224764,"w":0.9981590509414673},"size":3.630077362060547,"orthographic":true}