{"cameraMode":{"drawMode":0,"name":"Shaded","section":"Shading Mode"},"sceneLighting":true,"audioPlay":false,"sceneViewState":{"showFog":true,"showMaterialUpdate":false,"showSkybox":true,"showFlares":true,"showImageEffects":true,"showParticleSystems":true},"in2DMode":false,"pivot":{"x":-23.1748046875,"y":8.77099609375,"z":-94.474609375},"rotation":{"x":0.10226979851722717,"y":0.217512845993042,"z":-0.022923238575458528,"w":0.9704164266586304},"size":11.59151840209961,"orthographic":true}